R2,RMSE,MAE,MAPE
0.9704032029634817,75.90934827028767,48.03719219880887,1.0228248543839918e+18
0.9563846952321287,92.14936808041098,58.98363974622028,3.8233236201151104e+18
0.9193882276129877,125.27722954939736,69.3838799775659,3.938469954221675e+18
0.936051929591855,111.58006956497965,71.44648801294362,3.738952593991635e+18
0.9334331446001751,113.84184519371702,73.38389668186498,4.3813701458706186e+18
0.475659326711662,319.50648638197794,247.81043185642176,1.3480488621018698e+19
0.4754712646752065,319.5637789560184,247.9261653133081,1.3515391393865427e+19
0.4756920484282684,319.4965167531201,248.0740263690806,1.3425030324911176e+19
