R2,RMSE,MAE,MAPE
0.9718168438529271,74.0743277886933,47.70656821034639,9.084973700801699e+17
0.9563846952321287,92.14936808041098,58.98363974622028,3.8233236201151104e+18
0.9166383928407047,127.39604485853395,69.69162812998927,4.456414481151542e+18
0.9178030491829705,126.5029808794631,69.8620915792004,3.981570414801829e+18
0.9364591413258097,111.22423960729841,70.74678886266098,3.394732403358627e+18
0.475659326711662,319.50648638197794,247.81043185642176,1.3480488621018698e+19
0.4754712646752065,319.5637789560184,247.9261653133081,1.3515391393865427e+19
0.47544446586440925,319.57194230274337,248.23106927207235,1.3470895742283448e+19
