R2,RMSE,MAE,MAPE
0.9731498669535539,72.3013034146842,46.92926606441791,7.430672065497514e+17
0.9570113826014721,91.48494775175212,58.92167131371948,3.8077478521119073e+18
0.918655330871755,125.8454314697108,69.56634644882443,3.8738822067582223e+18
0.9354187781903528,112.13108750610499,70.65690209851576,3.452151362581308e+18
0.9362903862992316,111.37183915251961,71.287583610947,4.122328652309944e+18
0.4757634637303846,319.47475691024533,247.81996634885024,1.362698821630052e+19
0.4757391393707737,319.48216857291584,247.83728225849265,1.3580836285606578e+19
0.47593382775911386,319.4228419582359,248.0924495232754,1.3535912591019268e+19
