R2,RMSE,MAE
0.8535381076283101,6.286042026745822,4.0104441675005384
0.8521778777109368,6.315164624267649,3.744640755358747
0.2816338060093573,13.921559981118556,9.141566316192247
0.8440012163730188,6.487473034524317,3.730506660900495
0.28273266440762923,13.910908256525596,9.092768259633653
0.8378533204329172,6.614073084575019,3.7768699621357977
0.28273266440762934,13.910908256525593,9.092768259633763
0.8396539205354469,6.577246712151857,3.756830385406292
