R2,RMSE,MAE
0.9491196361338822,61.91813315230033,34.6930861343834
0.9307880502683074,72.2159770425506,30.130719135531134
0.43460556176658094,206.40419301921003,146.92854965787035
0.9313618247536739,71.91601497234409,33.229468370228766
0.43594093778347964,206.16030120634358,147.39658826199798
0.9348503049047738,70.06464781095045,31.230160102564103
0.43594093778347787,206.16030120634392,147.39658826199602
0.9345511753909177,70.22531166269272,31.557362384038427
