R2,RMSE,MAE
0.9491196361338822,61.91813315230033,34.6930861343834
0.9455317980072327,64.0640321226367,28.83090988278388
0.4346055617665805,206.4041930192101,146.92854965787038
0.9317226031499933,71.72676220891066,33.15693583077862
0.43594093778347953,206.1603012063436,147.39658826199812
0.9311520067144403,72.02585008447637,31.664599794871798
0.4359409377834811,206.16030120634332,147.39658826199806
0.9345666135871262,70.21702873257708,31.435853703658978
