R2,RMSE,MAE
0.9491196361338822,61.91813315230033,34.6930861343834
0.9380868480144787,68.30212361509378,30.12630301831502
0.43460556176658094,206.40419301921003,146.92854965787035
0.9313618247536739,71.91601497234409,33.229468370228766
0.43594093778347964,206.16030120634358,147.39658826199798
0.9359427556875015,69.47473124352437,31.288312180708182
0.43594093778347787,206.16030120634392,147.39658826199602
0.9328698165446764,71.12162428786338,31.628946630397266
