R2,RMSE,MAE,MAPE
0.8535381076283101,6.286042026745822,4.0104441675005384,2092253980317974.5
0.8450518983357319,6.4655889313861925,3.720886984982673,1260920754392551.2
0.2816338060093573,13.921559981118556,9.141566316192247,6709371162030357.0
0.8440012163730188,6.487473034524317,3.730506660900495,1580768646381240.5
0.28273266440762923,13.910908256525596,9.092768259633653,6651389874042578.0
0.8393815582121223,6.58283036638177,3.772110111025542,1451261207550142.0
0.28273266440762934,13.910908256525593,9.092768259633763,6651389874043057.0
0.8438291060305041,6.491050797696332,3.7268346343918455,1481419379877218.5
