R2,RMSE,MAE,MAPE
0.971398748510132,46.42322077903656,24.430023223443225,8.76202190530398e+17
0.9491196361338822,61.91813315230033,34.6930861343834,3.5203979544973087e+18
0.43460556176658094,206.40419301921003,146.92854965787035,1.1681624102064103e+19
0.9313618247536739,71.91601497234409,33.229468370228766,2.412757437952674e+18
0.43594093778347964,206.16030120634358,147.39658826199798,1.1773615582796288e+19
0.9341311116116825,70.45031133586059,31.652912996336998,2.1753610585416876e+18
0.43594093778347787,206.16030120634392,147.39658826199602,1.177361558279597e+19
0.9328899530491639,71.11095659528468,31.59622163560493,2.167454679856074e+18
