R2,RMSE,MAE,MAPE
0.9711539030806433,46.621503899722725,24.305712341880344,8.875285357347905e+17
0.9491196361338822,61.91813315230033,34.6930861343834,3.5203979544973087e+18
0.43460556176658094,206.40419301921003,146.92854965787035,1.1681624102064103e+19
0.9313618247536739,71.91601497234409,33.229468370228766,2.412757437952674e+18
0.43594093778347964,206.16030120634358,147.39658826199798,1.1773615582796288e+19
0.9294364711296166,72.91768889756649,31.873121194139195,2.2036740445278513e+18
0.43594093778347787,206.16030120634392,147.39658826199602,1.177361558279597e+19
0.9334636632116474,70.80634762465122,31.532772368876547,2.187458699539806e+18
