R2,RMSE,MAE,MAPE
0.9573446493330516,79.23834429682893,52.808501040590606,1.0033836115384202e+18
0.9333497933568132,99.04883780691753,57.08696516583287,4.889573010610013e+17
0.4625847978616425,281.25717328377857,212.4512560162647,7.681192420047092e+18
0.9292497512115312,102.0499085001057,59.2429685548941,4.985155373067226e+17
0.4623306456712586,281.3236709164341,212.54139687890117,7.713632795245716e+18
0.9320382846520607,100.01860659950287,58.064079882342035,4.33302641733148e+17
0.46233064567125837,281.32367091643414,212.54139687890014,7.7136327952454e+18
0.9381791509150282,95.39291427588174,65.84632409743303,6.793199033857555e+17
